{"cameraMode":{"drawMode":0,"name":"Shaded","section":"Shading Mode"},"sceneLighting":true,"audioPlay":false,"sceneViewState":{"m_AlwaysRefresh":false,"showFog":true,"showSkybox":true,"showFlares":true,"showImageEffects":true,"showParticleSystems":true,"showVisualEffectGraphs":true,"m_FxEnabled":true},"in2DMode":false,"pivot":{"x":14.900723457336426,"y":0.8590378761291504,"z":41.92234420776367},"rotation":{"x":0.03418251499533653,"y":0.9570396542549133,"z":-0.2586974799633026,"w":0.12648321688175202},"size":15.222760200500489,"orthographic":false}