{"cameraMode":{"drawMode":0,"name":"Shaded","section":"Shading Mode"},"sceneLighting":false,"audioPlay":false,"sceneViewState":{"m_AlwaysRefresh":false,"showFog":true,"showSkybox":false,"showFlares":true,"showImageEffects":true,"showParticleSystems":true,"showVisualEffectGraphs":true,"m_FxEnabled":true},"in2DMode":false,"pivot":{"x":-0.14959824085235597,"y":0.8522328734397888,"z":-0.4212164878845215},"rotation":{"x":-0.12302488088607788,"y":0.8608188033103943,"z":-0.2479981780052185,"w":-0.4270278215408325},"size":1.3516682386398316,"orthographic":false}