{"cameraMode":{"drawMode":0,"name":"Shaded","section":"Shading Mode"},"sceneLighting":false,"audioPlay":false,"sceneViewState":{"m_AlwaysRefresh":false,"showFog":true,"showSkybox":false,"showFlares":true,"showImageEffects":true,"showParticleSystems":true,"showVisualEffectGraphs":true,"m_FxEnabled":true},"in2DMode":false,"pivot":{"x":-0.11023622751235962,"y":0.5139753818511963,"z":0.43974512815475466},"rotation":{"x":-0.19722989201545716,"y":-0.5746644139289856,"z":0.1451558917760849,"w":-0.7809171080589294},"size":1.2275123596191407,"orthographic":true}